{
    "name": "attack_b_box",
    "IsTrgger": true,
    "position": {
        "x": -203.0,
        "y": 1810.0,
        "z": -40.0
    },
    "Size": {
        "x": 186.53271484375,
        "y": 533.56103515625
    }
}