{
    "name": "attack_c_box",
    "IsTrgger": true,
    "position": {
        "x": -276.0,
        "y": 1825.0,
        "z": -40.0
    },
    "Size": {
        "x": 782.219970703125,
        "y": 58.18121337890625
    }
}