{
    "name": "attack_A_box",
    "IsTrgger": true,
    "position": {
        "x": -151.0,
        "y": 1831.0,
        "z": -40.0
    },
    "Size": {
        "x": 399.656982421875,
        "y": 55.82672119140625
    }
}